{
  "solids": ["S1"],
  "rhoIni": [1],
  "reactions": [
                {"S1" : "Gas1"}
                ],
  "parameters": [
                {"E": 124243.67037433927, "A": 49513.468378402154,  "n": 2.0, "F": 0.4,  "g":[1]}
                ]
}

