{
  "solids": ["S1", "S2"],
  "rhoIni": [1],
  "reactions": [
                {"S1" : "Gas1"}, 
				{"S2" : "Gas2"}
                ],
  "parameters": [
                {"E": "$E1$", "A": "$A1$",  "n": 2.35439086332275, "F":0.0008045383204126295,  "g":[1]},
                {"E": 102937.76121600614, "A": 47.681382327100906,  "n": 10.06385551319736, "F":0.0018013153442028765,  "g":[1]}
                ]
}

